Period,Date,PRT_ID,PRT_Risk_Score,Baseline_Score,Shock_Magnitude
0,2025-01-01,Business_Continuity_Risk,0.5194609348314607,0.5194609348314607,0.0
0,2025-01-01,Capital_Risk,0.5424806693877552,0.5424806693877552,0.0
0,2025-01-01,Compliance_Risk,0.45896031428571427,0.45896031428571427,0.0
0,2025-01-01,Concentration_Risk,0.5804009302325582,0.5804009302325582,0.0
0,2025-01-01,Conduct_Risk,0.6585351367346939,0.6585351367346939,0.0
0,2025-01-01,Credit_Risk,0.5322798191489361,0.5322798191489361,0.0
0,2025-01-01,Currency_Risk,0.5647512220183487,0.5647512220183487,0.0
0,2025-01-01,Cyber_Risk,0.5711248244565218,0.5711248244565218,0.0
0,2025-01-01,External_Fraud_Risk,0.5725374243243244,0.5725374243243244,0.0
0,2025-01-01,Financial_Crime_Risk,0.6309848071428571,0.6309848071428571,0.0
0,2025-01-01,Interest_Rate_Risk,0.5441128556962025,0.5441128556962025,0.0
0,2025-01-01,Internal_Fraud_Risk,0.4762004554455446,0.4762004554455446,0.0
0,2025-01-01,Liquidity_Risk,0.5169050734375,0.5169050734375,0.0
0,2025-01-01,Market_Risk,0.5173986172747252,0.5173986172747252,0.0
0,2025-01-01,Model_Risk,0.52401415,0.52401415,0.0
0,2025-01-01,Operational_Risk,0.527148762739726,0.527148762739726,0.0
0,2025-01-01,Reputational_Risk,0.5178115799999999,0.5178115799999999,0.0
0,2025-01-01,Sovereign_Risk,0.6307551876543209,0.6307551876543209,0.0
0,2025-01-01,Strategic_Risk,0.5553579075,0.5553579075,0.0
0,2025-01-01,Technology_Risk,0.8134995451219511,0.5134995451219511,0.30000000000000004
1,2025-02-01,Business_Continuity_Risk,0.5194609348314607,0.5194609348314607,0.0
1,2025-02-01,Capital_Risk,0.5424806693877552,0.5424806693877552,0.0
1,2025-02-01,Compliance_Risk,0.45896031428571427,0.45896031428571427,0.0
1,2025-02-01,Concentration_Risk,0.5804009302325582,0.5804009302325582,0.0
1,2025-02-01,Conduct_Risk,0.6585351367346939,0.6585351367346939,0.0
1,2025-02-01,Credit_Risk,0.5322798191489361,0.5322798191489361,0.0
1,2025-02-01,Currency_Risk,0.5647512220183487,0.5647512220183487,0.0
1,2025-02-01,Cyber_Risk,0.7361248244565218,0.5711248244565218,0.16500000000000004
1,2025-02-01,External_Fraud_Risk,0.5725374243243244,0.5725374243243244,0.0
1,2025-02-01,Financial_Crime_Risk,0.6309848071428571,0.6309848071428571,0.0
1,2025-02-01,Interest_Rate_Risk,0.5441128556962025,0.5441128556962025,0.0
1,2025-02-01,Internal_Fraud_Risk,0.4762004554455446,0.4762004554455446,0.0
1,2025-02-01,Liquidity_Risk,0.5169050734375,0.5169050734375,0.0
1,2025-02-01,Market_Risk,0.5173986172747252,0.5173986172747252,0.0
1,2025-02-01,Model_Risk,0.52401415,0.52401415,0.0
1,2025-02-01,Operational_Risk,0.7221487627397261,0.527148762739726,0.19500000000000006
1,2025-02-01,Reputational_Risk,0.5178115799999999,0.5178115799999999,0.0
1,2025-02-01,Sovereign_Risk,0.6307551876543209,0.6307551876543209,0.0
1,2025-02-01,Strategic_Risk,0.5553579075,0.5553579075,0.0
1,2025-02-01,Technology_Risk,0.5134995451219511,0.5134995451219511,0.0
2,2025-03-01,Business_Continuity_Risk,0.5194609348314607,0.5194609348314607,0.0
2,2025-03-01,Capital_Risk,0.5424806693877552,0.5424806693877552,0.0
2,2025-03-01,Compliance_Risk,0.45896031428571427,0.45896031428571427,0.0
2,2025-03-01,Concentration_Risk,0.5804009302325582,0.5804009302325582,0.0
2,2025-03-01,Conduct_Risk,0.6585351367346939,0.6585351367346939,0.0
2,2025-03-01,Credit_Risk,0.5322798191489361,0.5322798191489361,0.0
2,2025-03-01,Currency_Risk,0.5647512220183487,0.5647512220183487,0.0
2,2025-03-01,Cyber_Risk,0.5711248244565218,0.5711248244565218,0.0
2,2025-03-01,External_Fraud_Risk,0.6385374243243245,0.5725374243243244,0.06600000000000006
2,2025-03-01,Financial_Crime_Risk,0.6309848071428571,0.6309848071428571,0.0
2,2025-03-01,Interest_Rate_Risk,0.5441128556962025,0.5441128556962025,0.0
2,2025-03-01,Internal_Fraud_Risk,0.4762004554455446,0.4762004554455446,0.0
2,2025-03-01,Liquidity_Risk,0.5637050734375001,0.5169050734375,0.046800000000000064
2,2025-03-01,Market_Risk,0.5173986172747252,0.5173986172747252,0.0
2,2025-03-01,Model_Risk,0.52401415,0.52401415,0.0
2,2025-03-01,Operational_Risk,0.527148762739726,0.527148762739726,0.0
2,2025-03-01,Reputational_Risk,0.67156158,0.5178115799999999,0.15375000000000005
2,2025-03-01,Sovereign_Risk,0.6307551876543209,0.6307551876543209,0.0
2,2025-03-01,Strategic_Risk,0.5553579075,0.5553579075,0.0
2,2025-03-01,Technology_Risk,0.5134995451219511,0.5134995451219511,0.0
3,2025-04-01,Business_Continuity_Risk,0.5194609348314607,0.5194609348314607,0.0
3,2025-04-01,Capital_Risk,0.5424806693877552,0.5424806693877552,0.0
3,2025-04-01,Compliance_Risk,0.45896031428571427,0.45896031428571427,0.0
3,2025-04-01,Concentration_Risk,0.5804009302325582,0.5804009302325582,0.0
3,2025-04-01,Conduct_Risk,0.6585351367346939,0.6585351367346939,0.0
3,2025-04-01,Credit_Risk,0.5718558191489361,0.5322798191489361,0.039576000000000056
3,2025-04-01,Currency_Risk,0.5647512220183487,0.5647512220183487,0.0
3,2025-04-01,Cyber_Risk,0.5711248244565218,0.5711248244565218,0.0
3,2025-04-01,External_Fraud_Risk,0.5725374243243244,0.5725374243243244,0.0
3,2025-04-01,Financial_Crime_Risk,0.6309848071428571,0.6309848071428571,0.0
3,2025-04-01,Interest_Rate_Risk,0.5441128556962025,0.5441128556962025,0.0
3,2025-04-01,Internal_Fraud_Risk,0.4762004554455446,0.4762004554455446,0.0
3,2025-04-01,Liquidity_Risk,0.5476550734375001,0.5169050734375,0.030750000000000055
3,2025-04-01,Market_Risk,0.5173986172747252,0.5173986172747252,0.0
3,2025-04-01,Model_Risk,0.52401415,0.52401415,0.0
3,2025-04-01,Operational_Risk,0.541932762739726,0.527148762739726,0.01478400000000002
3,2025-04-01,Reputational_Risk,0.5547715799999999,0.5178115799999999,0.03695999999999999
3,2025-04-01,Sovereign_Risk,0.6307551876543209,0.6307551876543209,0.0
3,2025-04-01,Strategic_Risk,0.5553579075,0.5553579075,0.0
3,2025-04-01,Technology_Risk,0.5134995451219511,0.5134995451219511,0.0
4,2025-05-01,Business_Continuity_Risk,0.5194609348314607,0.5194609348314607,0.0
4,2025-05-01,Capital_Risk,0.5424806693877552,0.5424806693877552,0.0
4,2025-05-01,Compliance_Risk,0.45896031428571427,0.45896031428571427,0.0
4,2025-05-01,Concentration_Risk,0.5804009302325582,0.5804009302325582,0.0
4,2025-05-01,Conduct_Risk,0.6585351367346939,0.6585351367346939,0.0
4,2025-05-01,Credit_Risk,0.5448826991489361,0.5322798191489361,0.012602879999999983
4,2025-05-01,Currency_Risk,0.5647512220183487,0.5647512220183487,0.0
4,2025-05-01,Cyber_Risk,0.5711248244565218,0.5711248244565218,0.0
4,2025-05-01,External_Fraud_Risk,0.5725374243243244,0.5725374243243244,0.0
4,2025-05-01,Financial_Crime_Risk,0.6309848071428571,0.6309848071428571,0.0
4,2025-05-01,Interest_Rate_Risk,0.5441128556962025,0.5441128556962025,0.0
4,2025-05-01,Internal_Fraud_Risk,0.4762004554455446,0.4762004554455446,0.0
4,2025-05-01,Liquidity_Risk,0.5342078062375001,0.5169050734375,0.017302732800000054
4,2025-05-01,Market_Risk,0.5173986172747252,0.5173986172747252,0.0
4,2025-05-01,Model_Risk,0.52401415,0.52401415,0.0
4,2025-05-01,Operational_Risk,0.527148762739726,0.527148762739726,0.0
4,2025-05-01,Reputational_Risk,0.5220693719999999,0.5178115799999999,0.0042577919999999825
4,2025-05-01,Sovereign_Risk,0.6307551876543209,0.6307551876543209,0.0
4,2025-05-01,Strategic_Risk,0.5553579075,0.5553579075,0.0
4,2025-05-01,Technology_Risk,0.5134995451219511,0.5134995451219511,0.0
5,2025-06-01,Business_Continuity_Risk,0.5194609348314607,0.5194609348314607,0.0
5,2025-06-01,Capital_Risk,0.5424806693877552,0.5424806693877552,0.0
5,2025-06-01,Compliance_Risk,0.45896031428571427,0.45896031428571427,0.0
5,2025-06-01,Concentration_Risk,0.5804009302325582,0.5804009302325582,0.0
5,2025-06-01,Conduct_Risk,0.6585351367346939,0.6585351367346939,0.0
5,2025-06-01,Credit_Risk,0.536259416727176,0.5322798191489361,0.003979597578239957
5,2025-06-01,Currency_Risk,0.5647512220183487,0.5647512220183487,0.0
5,2025-06-01,Cyber_Risk,0.5711248244565218,0.5711248244565218,0.0
5,2025-06-01,External_Fraud_Risk,0.5725374243243244,0.5725374243243244,0.0
5,2025-06-01,Financial_Crime_Risk,0.6309848071428571,0.6309848071428571,0.0
5,2025-06-01,Interest_Rate_Risk,0.5441128556962025,0.5441128556962025,0.0
5,2025-06-01,Internal_Fraud_Risk,0.4762004554455446,0.4762004554455446,0.0
5,2025-06-01,Liquidity_Risk,0.5197730336551,0.5169050734375,0.002867960217599941
5,2025-06-01,Market_Risk,0.5173986172747252,0.5173986172747252,0.0
5,2025-06-01,Model_Risk,0.52401415,0.52401415,0.0
5,2025-06-01,Operational_Risk,0.527148762739726,0.527148762739726,0.0
5,2025-06-01,Reputational_Risk,0.5178115799999999,0.5178115799999999,0.0
5,2025-06-01,Sovereign_Risk,0.6307551876543209,0.6307551876543209,0.0
5,2025-06-01,Strategic_Risk,0.5553579075,0.5553579075,0.0
5,2025-06-01,Technology_Risk,0.5134995451219511,0.5134995451219511,0.0
6,2025-07-01,Business_Continuity_Risk,0.5194609348314607,0.5194609348314607,0.0
6,2025-07-01,Capital_Risk,0.5424806693877552,0.5424806693877552,0.0
6,2025-07-01,Compliance_Risk,0.45896031428571427,0.45896031428571427,0.0
6,2025-07-01,Concentration_Risk,0.5804009302325582,0.5804009302325582,0.0
6,2025-07-01,Conduct_Risk,0.6585351367346939,0.6585351367346939,0.0
6,2025-07-01,Credit_Risk,0.5327497057509877,0.5322798191489361,0.0004698866020516057
6,2025-07-01,Currency_Risk,0.5647512220183487,0.5647512220183487,0.0
6,2025-07-01,Cyber_Risk,0.5711248244565218,0.5711248244565218,0.0
6,2025-07-01,External_Fraud_Risk,0.5725374243243244,0.5725374243243244,0.0
6,2025-07-01,Financial_Crime_Risk,0.6309848071428571,0.6309848071428571,0.0
6,2025-07-01,Interest_Rate_Risk,0.5441128556962025,0.5441128556962025,0.0
6,2025-07-01,Internal_Fraud_Risk,0.4762004554455446,0.4762004554455446,0.0
6,2025-07-01,Liquidity_Risk,0.517491888977997,0.5169050734375,0.0005868155404969988
6,2025-07-01,Market_Risk,0.5173986172747252,0.5173986172747252,0.0
6,2025-07-01,Model_Risk,0.52401415,0.52401415,0.0
6,2025-07-01,Operational_Risk,0.527148762739726,0.527148762739726,0.0
6,2025-07-01,Reputational_Risk,0.5178115799999999,0.5178115799999999,0.0
6,2025-07-01,Sovereign_Risk,0.6307551876543209,0.6307551876543209,0.0
6,2025-07-01,Strategic_Risk,0.5553579075,0.5553579075,0.0
6,2025-07-01,Technology_Risk,0.5134995451219511,0.5134995451219511,0.0
7,2025-08-01,Business_Continuity_Risk,0.5194609348314607,0.5194609348314607,0.0
7,2025-08-01,Capital_Risk,0.5424806693877552,0.5424806693877552,0.0
7,2025-08-01,Compliance_Risk,0.45896031428571427,0.45896031428571427,0.0
7,2025-08-01,Concentration_Risk,0.5804009302325582,0.5804009302325582,0.0
7,2025-08-01,Conduct_Risk,0.6585351367346939,0.6585351367346939,0.0
7,2025-08-01,Credit_Risk,0.5323567342354601,0.5322798191489361,7.691508652407641e-05
7,2025-08-01,Currency_Risk,0.5647512220183487,0.5647512220183487,0.0
7,2025-08-01,Cyber_Risk,0.5711248244565218,0.5711248244565218,0.0
7,2025-08-01,External_Fraud_Risk,0.5725374243243244,0.5725374243243244,0.0
7,2025-08-01,Financial_Crime_Risk,0.6309848071428571,0.6309848071428571,0.0
7,2025-08-01,Interest_Rate_Risk,0.5441128556962025,0.5441128556962025,0.0
7,2025-08-01,Internal_Fraud_Risk,0.4762004554455446,0.4762004554455446,0.0
7,2025-08-01,Liquidity_Risk,0.5169605035165338,0.5169050734375,5.543007903374697e-05
7,2025-08-01,Market_Risk,0.5173986172747252,0.5173986172747252,0.0
7,2025-08-01,Model_Risk,0.52401415,0.52401415,0.0
7,2025-08-01,Operational_Risk,0.527148762739726,0.527148762739726,0.0
7,2025-08-01,Reputational_Risk,0.5178115799999999,0.5178115799999999,0.0
7,2025-08-01,Sovereign_Risk,0.6307551876543209,0.6307551876543209,0.0
7,2025-08-01,Strategic_Risk,0.5553579075,0.5553579075,0.0
7,2025-08-01,Technology_Risk,0.5134995451219511,0.5134995451219511,0.0
8,2025-09-01,Business_Continuity_Risk,0.5194609348314607,0.5194609348314607,0.0
8,2025-09-01,Capital_Risk,0.5424806693877552,0.5424806693877552,0.0
8,2025-09-01,Compliance_Risk,0.45896031428571427,0.45896031428571427,0.0
8,2025-09-01,Concentration_Risk,0.5804009302325582,0.5804009302325582,0.0
8,2025-09-01,Conduct_Risk,0.6585351367346939,0.6585351367346939,0.0
8,2025-09-01,Credit_Risk,0.5322856314139913,0.5322798191489361,5.812265055249455e-06
8,2025-09-01,Currency_Risk,0.5647512220183487,0.5647512220183487,0.0
8,2025-09-01,Cyber_Risk,0.5711248244565218,0.5711248244565218,0.0
8,2025-09-01,External_Fraud_Risk,0.5725374243243244,0.5725374243243244,0.0
8,2025-09-01,Financial_Crime_Risk,0.6309848071428571,0.6309848071428571,0.0
8,2025-09-01,Interest_Rate_Risk,0.5441128556962025,0.5441128556962025,0.0
8,2025-09-01,Internal_Fraud_Risk,0.4762004554455446,0.4762004554455446,0.0
8,2025-09-01,Liquidity_Risk,0.516912332055739,0.5169050734375,7.258618239025516e-06
8,2025-09-01,Market_Risk,0.5173986172747252,0.5173986172747252,0.0
8,2025-09-01,Model_Risk,0.52401415,0.52401415,0.0
8,2025-09-01,Operational_Risk,0.527148762739726,0.527148762739726,0.0
8,2025-09-01,Reputational_Risk,0.5178115799999999,0.5178115799999999,0.0
8,2025-09-01,Sovereign_Risk,0.6307551876543209,0.6307551876543209,0.0
8,2025-09-01,Strategic_Risk,0.5553579075,0.5553579075,0.0
8,2025-09-01,Technology_Risk,0.5134995451219511,0.5134995451219511,0.0
9,2025-10-01,Business_Continuity_Risk,0.5194609348314607,0.5194609348314607,0.0
9,2025-10-01,Capital_Risk,0.5424806693877552,0.5424806693877552,0.0
9,2025-10-01,Compliance_Risk,0.45896031428571427,0.45896031428571427,0.0
9,2025-10-01,Concentration_Risk,0.5804009302325582,0.5804009302325582,0.0
9,2025-10-01,Conduct_Risk,0.6585351367346939,0.6585351367346939,0.0
9,2025-10-01,Credit_Risk,0.5322804280459663,0.5322798191489361,6.08897030240918e-07
9,2025-10-01,Currency_Risk,0.5647512220183487,0.5647512220183487,0.0
9,2025-10-01,Cyber_Risk,0.5711248244565218,0.5711248244565218,0.0
9,2025-10-01,External_Fraud_Risk,0.5725374243243244,0.5725374243243244,0.0
9,2025-10-01,Financial_Crime_Risk,0.6309848071428571,0.6309848071428571,0.0
9,2025-10-01,Interest_Rate_Risk,0.5441128556962025,0.5441128556962025,0.0
9,2025-10-01,Internal_Fraud_Risk,0.4762004554455446,0.4762004554455446,0.0
9,2025-10-01,Liquidity_Risk,0.5169055122488183,0.5169050734375,4.3881131828182873e-07
9,2025-10-01,Market_Risk,0.5173986172747252,0.5173986172747252,0.0
9,2025-10-01,Model_Risk,0.52401415,0.52401415,0.0
9,2025-10-01,Operational_Risk,0.527148762739726,0.527148762739726,0.0
9,2025-10-01,Reputational_Risk,0.5178115799999999,0.5178115799999999,0.0
9,2025-10-01,Sovereign_Risk,0.6307551876543209,0.6307551876543209,0.0
9,2025-10-01,Strategic_Risk,0.5553579075,0.5553579075,0.0
9,2025-10-01,Technology_Risk,0.5134995451219511,0.5134995451219511,0.0
10,2025-11-01,Business_Continuity_Risk,0.5194609348314607,0.5194609348314607,0.0
10,2025-11-01,Capital_Risk,0.5424806693877552,0.5424806693877552,0.0
10,2025-11-01,Compliance_Risk,0.45896031428571427,0.45896031428571427,0.0
10,2025-11-01,Concentration_Risk,0.5804009302325582,0.5804009302325582,0.0
10,2025-11-01,Conduct_Risk,0.6585351367346939,0.6585351367346939,0.0
10,2025-11-01,Credit_Risk,0.5322798485970651,0.5322798191489361,2.9448129046372173e-08
10,2025-11-01,Currency_Risk,0.5647512220183487,0.5647512220183487,0.0
10,2025-11-01,Cyber_Risk,0.5711248244565218,0.5711248244565218,0.0
10,2025-11-01,External_Fraud_Risk,0.5725374243243244,0.5725374243243244,0.0
10,2025-11-01,Financial_Crime_Risk,0.6309848071428571,0.6309848071428571,0.0
10,2025-11-01,Interest_Rate_Risk,0.5441128556962025,0.5441128556962025,0.0
10,2025-11-01,Internal_Fraud_Risk,0.4762004554455446,0.4762004554455446,0.0
10,2025-11-01,Liquidity_Risk,0.5169051102136493,0.5169050734375,3.6776149237027767e-08
10,2025-11-01,Market_Risk,0.5173986172747252,0.5173986172747252,0.0
10,2025-11-01,Model_Risk,0.52401415,0.52401415,0.0
10,2025-11-01,Operational_Risk,0.527148762739726,0.527148762739726,0.0
10,2025-11-01,Reputational_Risk,0.5178115799999999,0.5178115799999999,0.0
10,2025-11-01,Sovereign_Risk,0.6307551876543209,0.6307551876543209,0.0
10,2025-11-01,Strategic_Risk,0.5553579075,0.5553579075,0.0
10,2025-11-01,Technology_Risk,0.5134995451219511,0.5134995451219511,0.0
11,2025-12-01,Business_Continuity_Risk,0.5194609348314607,0.5194609348314607,0.0
11,2025-12-01,Capital_Risk,0.5424806693877552,0.5424806693877552,0.0
11,2025-12-01,Compliance_Risk,0.45896031428571427,0.45896031428571427,0.0
11,2025-12-01,Concentration_Risk,0.5804009302325582,0.5804009302325582,0.0
11,2025-12-01,Conduct_Risk,0.6585351367346939,0.6585351367346939,0.0
11,2025-12-01,Credit_Risk,0.5322798211233406,0.5322798191489361,1.9744045287595213e-09
11,2025-12-01,Currency_Risk,0.5647512220183487,0.5647512220183487,0.0
11,2025-12-01,Cyber_Risk,0.5711248244565218,0.5711248244565218,0.0
11,2025-12-01,External_Fraud_Risk,0.5725374243243244,0.5725374243243244,0.0
11,2025-12-01,Financial_Crime_Risk,0.6309848071428571,0.6309848071428571,0.0
11,2025-12-01,Interest_Rate_Risk,0.5441128556962025,0.5441128556962025,0.0
11,2025-12-01,Internal_Fraud_Risk,0.4762004554455446,0.4762004554455446,0.0
11,2025-12-01,Liquidity_Risk,0.516905074860386,0.5169050734375,1.422885920199235e-09
11,2025-12-01,Market_Risk,0.5173986172747252,0.5173986172747252,0.0
11,2025-12-01,Model_Risk,0.52401415,0.52401415,0.0
11,2025-12-01,Operational_Risk,0.527148762739726,0.527148762739726,0.0
11,2025-12-01,Reputational_Risk,0.5178115799999999,0.5178115799999999,0.0
11,2025-12-01,Sovereign_Risk,0.6307551876543209,0.6307551876543209,0.0
11,2025-12-01,Strategic_Risk,0.5553579075,0.5553579075,0.0
11,2025-12-01,Technology_Risk,0.5134995451219511,0.5134995451219511,0.0
12,2026-01-01,Business_Continuity_Risk,0.5194609348314607,0.5194609348314607,0.0
12,2026-01-01,Capital_Risk,0.5424806693877552,0.5424806693877552,0.0
12,2026-01-01,Compliance_Risk,0.45896031428571427,0.45896031428571427,0.0
12,2026-01-01,Concentration_Risk,0.5804009302325582,0.5804009302325582,0.0
12,2026-01-01,Conduct_Risk,0.6585351367346939,0.6585351367346939,0.0
12,2026-01-01,Credit_Risk,0.5322798192100485,0.5322798191489361,6.111244843509667e-11
12,2026-01-01,Currency_Risk,0.5647512220183487,0.5647512220183487,0.0
12,2026-01-01,Cyber_Risk,0.5711248244565218,0.5711248244565218,0.0
12,2026-01-01,External_Fraud_Risk,0.5725374243243244,0.5725374243243244,0.0
12,2026-01-01,Financial_Crime_Risk,0.6309848071428571,0.6309848071428571,0.0
12,2026-01-01,Interest_Rate_Risk,0.5441128556962025,0.5441128556962025,0.0
12,2026-01-01,Internal_Fraud_Risk,0.4762004554455446,0.4762004554455446,0.0
12,2026-01-01,Liquidity_Risk,0.5169050735138201,0.5169050734375,7.632006138180714e-11
12,2026-01-01,Market_Risk,0.5173986172747252,0.5173986172747252,0.0
12,2026-01-01,Model_Risk,0.52401415,0.52401415,0.0
12,2026-01-01,Operational_Risk,0.527148762739726,0.527148762739726,0.0
12,2026-01-01,Reputational_Risk,0.5178115799999999,0.5178115799999999,0.0
12,2026-01-01,Sovereign_Risk,0.6307551876543209,0.6307551876543209,0.0
12,2026-01-01,Strategic_Risk,0.5553579075,0.5553579075,0.0
12,2026-01-01,Technology_Risk,0.5134995451219511,0.5134995451219511,0.0
