time_steps,noise_level,network_density,t_df,var_dy_precision,var_dy_recall,var_dy_f1_score,var_dy_auc_roc,covar_precision,covar_recall,covar_f1_score,covar_auc_roc
50,0.1,2,3,0.07000000000000003,1.0,0.13084112149532715,0.5,0.08022504688476766,0.5499999999999998,0.1400254591743954,0.5341525345622119
50,0.1,4,3,0.10500000000000002,1.0,0.19004524886877824,0.5,0.10500000000000002,1.0,0.19004524886877824,0.49558132482043077
50,0.1,2,5,0.07000000000000003,1.0,0.13084112149532715,0.5,0.07000000000000003,1.0,0.13084112149532715,0.48616198156682033
50,0.1,4,5,0.10500000000000002,1.0,0.19004524886877824,0.5,0.10500000000000002,1.0,0.19004524886877824,0.4954800212822559
50,0.1,2,10,0.07000000000000003,1.0,0.13084112149532715,0.5,0.07000000000000003,1.0,0.13084112149532715,0.4736671274961597
50,0.1,4,10,0.10500000000000002,1.0,0.19004524886877824,0.5,0.10500000000000002,1.0,0.19004524886877824,0.5094528332003191
50,0.3,2,3,0.07000000000000003,1.0,0.13084112149532715,0.5,0.07697108383607242,0.5285714285714287,0.13437443254040304,0.5244629032258064
50,0.3,4,3,0.10500000000000002,1.0,0.19004524886877824,0.5,0.10500000000000002,1.0,0.19004524886877824,0.49875807395583943
50,0.3,2,5,0.07000000000000003,1.0,0.13084112149532715,0.5,0.07000000000000003,1.0,0.13084112149532715,0.47969992319508464
50,0.3,4,5,0.10500000000000002,1.0,0.19004524886877824,0.5,0.10500000000000002,1.0,0.19004524886877824,0.4948437350359137
50,0.3,2,10,0.07000000000000003,1.0,0.13084112149532715,0.4999462365591398,0.07000000000000003,1.0,0.13084112149532715,0.46789093701996903
50,0.3,4,10,0.10500000000000002,1.0,0.19004524886877824,0.4999441340782124,0.10500000000000002,1.0,0.19004524886877824,0.5134685288640596
50,0.5,2,3,0.07000000000000003,1.0,0.13084112149532715,0.5,0.07962918944616118,0.47857142857142854,0.13653963725290397,0.529449385560676
50,0.5,4,3,0.10500000000000002,1.0,0.19004524886877824,0.5,0.10500000000000002,1.0,0.19004524886877824,0.48848012769353544
50,0.5,2,5,0.07000000000000003,1.0,0.13084112149532715,0.5,0.07000000000000003,1.0,0.13084112149532715,0.47969462365591403
50,0.5,4,5,0.10500000000000002,1.0,0.19004524886877824,0.5,0.10500000000000002,1.0,0.19004524886877824,0.49922250598563445
50,0.5,2,10,0.07000000000000003,1.0,0.13084112149532715,0.4999462365591398,0.07000000000000003,1.0,0.13084112149532715,0.4777609831029184
50,0.5,4,10,0.10500000000000002,1.0,0.19004524886877824,0.4999441340782124,0.11022927689594354,0.714285714285714,0.19098548510313215,0.5166108539505189
100,0.1,2,3,0.07000000000000003,1.0,0.13084112149532715,0.5,0.07561613144137415,0.5785714285714285,0.13375165125495378,0.5193747311827954
100,0.1,4,3,0.10500000000000002,1.0,0.19004524886877824,0.4998371375365789,0.1247717589774802,0.5857142857142857,0.20572002007024584,0.5514119712689546
100,0.1,2,5,0.07000000000000003,1.0,0.13084112149532715,0.4891397849462367,0.08050847457627118,0.38000000000000006,0.1328671328671329,0.5222307987711213
100,0.1,4,5,0.10500000000000002,1.0,0.19004524886877824,0.5001274807129555,0.13865414710485133,0.42190476190476195,0.208716136631331,0.5758443735035916
100,0.1,2,10,0.07000000000000003,1.0,0.13084112149532715,0.4892473118279571,0.07000000000000003,1.0,0.13084112149532715,0.512241474654378
100,0.1,4,10,0.10500000000000002,1.0,0.19004524886877824,0.4997373769619582,0.1271049596309112,0.5247619047619045,0.20464252553389048,0.5636374567704177
100,0.3,2,3,0.07000000000000003,1.0,0.13084112149532715,0.5,0.07452198071580327,0.6514285714285714,0.13374395072591286,0.5211021505376346
100,0.3,4,3,0.10500000000000002,1.0,0.19004524886877824,0.5,0.12469536961819656,0.5847619047619048,0.2055574154670237,0.5526972067039104
100,0.3,2,5,0.07000000000000003,1.0,0.13084112149532715,0.5,0.08008008008008007,0.45714285714285713,0.13628620102214645,0.5258986943164363
100,0.3,4,5,0.10500000000000002,1.0,0.19004524886877824,0.5,0.14016260162601626,0.41047619047619044,0.20896969696969692,0.5743295025272681
100,0.3,2,10,0.07000000000000003,1.0,0.13084112149532715,0.5,0.07000000000000003,1.0,0.13084112149532715,0.5108052227342551
100,0.3,4,10,0.10500000000000002,1.0,0.19004524886877824,0.49946549614259106,0.14912280701754388,0.3561904761904762,0.21023046655424385,0.573925299281724
100,0.5,2,3,0.07000000000000003,1.0,0.13084112149532715,0.5,0.07497099767981441,0.7385714285714288,0.13612427593470253,0.5269784178187402
100,0.5,4,3,0.10500000000000002,1.0,0.19004524886877824,0.49947326416600163,0.12410189418680596,0.5428571428571428,0.20202020202020196,0.5538603884011707
100,0.5,2,5,0.07000000000000003,1.0,0.13084112149532715,0.48387096774193566,0.08033721795189684,0.46285714285714286,0.1369110500739488,0.5278387864823347
100,0.5,4,5,0.10500000000000002,1.0,0.19004524886877824,0.5,0.14462659380692167,0.37809523809523826,0.2092226613965744,0.5731824953445066
100,0.5,2,10,0.07000000000000003,1.0,0.13084112149532715,0.4946236559139783,0.07318312722344568,0.6171428571428573,0.13084961381190374,0.5134186635944701
100,0.5,4,10,0.10500000000000002,1.0,0.19004524886877824,0.4994656025538706,0.15487651737128508,0.35238095238095246,0.2151788310555394,0.5706290502793295
150,0.1,2,3,0.07000000000000003,1.0,0.13084112149532715,0.4995858678955454,0.07000000000000003,1.0,0.13084112149532715,0.49174462365591404
150,0.1,4,3,0.10500000000000002,1.0,0.19004524886877824,0.5004776270284651,0.10500000000000002,1.0,0.19004524886877824,0.44676382016493754
150,0.1,2,5,0.07000000000000003,1.0,0.13084112149532715,0.49854838709677407,0.08463661453541854,0.5257142857142858,0.14580031695721077,0.5484685867895545
150,0.1,4,5,0.10500000000000002,1.0,0.19004524886877824,0.5010387869114128,0.10500000000000002,1.0,0.19004524886877824,0.5135051343442407
150,0.1,2,10,0.07000000000000003,1.0,0.13084112149532715,0.5000826420890936,0.09294373640037304,0.427142857142857,0.15266785805463362,0.5679895545314901
150,0.1,4,10,0.10500000000000002,1.0,0.19004524886877824,0.49927666932694853,0.13025442477876106,0.4485714285714284,0.20188598371195876,0.5560234104815107
150,0.3,2,3,0.07000000000000003,1.0,0.13084112149532715,0.49854838709677407,0.07000000000000003,1.0,0.13084112149532715,0.4919271121351767
150,0.3,4,3,0.10500000000000002,1.0,0.19004524886877824,0.4998342112263901,0.10500000000000002,1.0,0.19004524886877824,0.45441542963554127
150,0.3,2,5,0.07000000000000003,1.0,0.13084112149532715,0.4988172043010754,0.08196396753118196,0.5914285714285716,0.14397496087636932,0.5485136712749615
150,0.3,4,5,0.10500000000000002,1.0,0.19004524886877824,0.5002536312849162,0.10500000000000002,1.0,0.19004524886877824,0.5082075019952113
150,0.3,2,10,0.07000000000000003,1.0,0.13084112149532715,0.5002980030721966,0.08795119471276054,0.49428571428571444,0.1493310315062581,0.5655233486943165
150,0.3,4,10,0.10500000000000002,1.0,0.19004524886877824,0.4985474860335197,0.11677655677655681,0.7590476190476191,0.2024126984126984,0.559497951582868
150,0.5,2,3,0.07000000000000003,1.0,0.13084112149532715,0.49920798771121355,0.07000000000000003,1.0,0.13084112149532715,0.4909228878648233
150,0.5,4,3,0.10500000000000002,1.0,0.19004524886877824,0.49919047619047624,0.10500000000000002,1.0,0.19004524886877824,0.45646070763500923
150,0.5,2,5,0.07000000000000003,1.0,0.13084112149532715,0.49860215053763457,0.0811950146627566,0.6328571428571427,0.1439246263807667,0.5458453149001539
150,0.5,4,5,0.10500000000000002,1.0,0.19004524886877824,0.4988268156424581,0.10500000000000002,1.0,0.19004524886877824,0.5013710029263105
150,0.5,2,10,0.07000000000000003,1.0,0.13084112149532715,0.5000837173579109,0.08667004561581347,0.4885714285714284,0.14722341799397334,0.5541587557603688
150,0.5,4,10,0.10500000000000002,1.0,0.19004524886877824,0.49843575418994396,0.11978384869408584,0.7600000000000001,0.20695020746887963,0.5668086193136473
200,0.1,2,3,0.07000000000000003,1.0,0.13084112149532715,0.4973118279569892,0.08046767537826684,0.5014285714285714,0.1386803634926906,0.53841643625192
200,0.1,4,3,0.10500000000000002,1.0,0.19004524886877824,0.4974860335195529,0.11440291704649043,0.7171428571428574,0.19732704402515733,0.5455101888800212
200,0.1,2,5,0.07000000000000003,1.0,0.13084112149532715,0.4970967741935485,0.0778248939885258,0.44571428571428584,0.13251221066043745,0.5191628264208907
200,0.1,4,5,0.10500000000000002,1.0,0.19004524886877824,0.49720670391061444,0.1159366262814539,0.5923809523809522,0.1939204988308652,0.5389994147379622
200,0.1,2,10,0.07000000000000003,1.0,0.13084112149532715,0.4974731182795699,0.08964558721334256,0.3685714285714285,0.1442146450531023,0.5413481566820275
200,0.1,4,10,0.10500000000000002,1.0,0.19004524886877824,0.49770949720670393,0.13670766319772945,0.5504761904761903,0.21902235695339153,0.5818397978185686
200,0.3,2,3,0.07000000000000003,1.0,0.13084112149532715,0.4973655913978495,0.07945332406763957,0.4900000000000002,0.13673510065776354,0.5385771121351769
200,0.3,4,3,0.10500000000000002,1.0,0.19004524886877824,0.49726256983240236,0.1152439024390244,0.7199999999999999,0.19868593955321945,0.5458201117318433
200,0.3,2,5,0.07000000000000003,1.0,0.13084112149532715,0.4970967741935485,0.0800405268490375,0.4514285714285714,0.13597246127366608,0.5229288018433182
200,0.3,4,5,0.10500000000000002,1.0,0.19004524886877824,0.49698324022346363,0.11688311688311684,0.6,0.19565217391304343,0.538901888800213
200,0.3,2,10,0.07000000000000003,1.0,0.13084112149532715,0.4975268817204301,0.08552631578947371,0.44571428571428584,0.1435142594296228,0.5436653609831029
200,0.3,4,10,0.10500000000000002,1.0,0.19004524886877824,0.4975977653631285,0.1392823418319169,0.5619047619047618,0.22323117669315176,0.588278744346901
200,0.5,2,3,0.07000000000000003,1.0,0.13084112149532715,0.49725806451612903,0.079619312906221,0.4900000000000002,0.13698083067092656,0.5378238095238093
200,0.5,4,3,0.10500000000000002,1.0,0.19004524886877824,0.49709497206703906,0.11424606845513412,0.7057142857142854,0.19665605095541405,0.5420085129023677
200,0.5,2,5,0.07000000000000003,1.0,0.13084112149532715,0.4969354838709679,0.07993966817496226,0.45428571428571446,0.13595553655408293,0.5252523809523809
200,0.5,4,5,0.10500000000000002,1.0,0.19004524886877824,0.49692737430167616,0.11889518931772455,0.619047619047619,0.1994782875556238,0.5464227720138336
200,0.5,2,10,0.07000000000000003,1.0,0.13084112149532715,0.4975806451612905,0.08340767172167705,0.5342857142857141,0.1442901234567901,0.5528165130568357
200,0.5,4,10,0.10500000000000002,1.0,0.19004524886877824,0.4975977653631285,0.1448175182481752,0.47238095238095235,0.2216759776536313,0.5840247406225059
250,0.1,2,3,0.07000000000000003,1.0,0.13084112149532715,0.49727319508448553,0.07244655581947745,0.7842857142857141,0.1326407344769268,0.5172716589861751
250,0.1,4,3,0.10500000000000002,1.0,0.19004524886877824,0.49796328810853935,0.10500000000000002,1.0,0.19004524886877824,0.5080507049747274
250,0.1,2,5,0.07000000000000003,1.0,0.13084112149532715,0.49683863287250385,0.07454938716654648,0.7385714285714288,0.13542894564505564,0.5230400153609832
250,0.1,4,5,0.10500000000000002,1.0,0.19004524886877824,0.49575418994413417,0.1282655666863092,0.621904761904762,0.21266894642566345,0.5716834796488426
250,0.1,2,10,0.07000000000000003,1.0,0.13084112149532715,0.496139861751152,0.07836661161987687,0.7457142857142857,0.14182855590273058,0.5479619047619047
250,0.1,4,10,0.10500000000000002,1.0,0.19004524886877824,0.495810055865922,0.16364338093400232,0.40380952380952356,0.2329030486130184,0.5927855812716148
250,0.3,2,3,0.07000000000000003,1.0,0.13084112149532715,0.49727334869431644,0.07288432986907814,0.7714285714285716,0.1331853496115427,0.5138715821812596
250,0.3,4,3,0.10500000000000002,1.0,0.19004524886877824,0.49785325884543774,0.10500000000000002,1.0,0.19004524886877824,0.5084784783187019
250,0.3,2,5,0.07000000000000003,1.0,0.13084112149532715,0.49602150537634393,0.07439564181137215,0.6242857142857143,0.13294797687861276,0.5231720430107528
250,0.3,4,5,0.10500000000000002,1.0,0.19004524886877824,0.49569832402234654,0.13006349901467051,0.5657142857142857,0.21150080113939831,0.5688316041500397
250,0.3,2,10,0.07000000000000003,1.0,0.13084112149532715,0.49548387096774177,0.07751810401579985,0.6728571428571426,0.13902007083825269,0.5394038402457756
250,0.3,4,10,0.10500000000000002,1.0,0.19004524886877824,0.49575418994413417,0.16080402010050254,0.3961904761904762,0.22875996700577403,0.5921993083266827
250,0.5,2,3,0.07000000000000003,1.0,0.13084112149532715,0.49705775729646695,0.07273494653911083,0.7385714285714288,0.1324282786885246,0.5111579109062979
250,0.5,4,3,0.10500000000000002,1.0,0.19004524886877824,0.49751848895982953,0.10500000000000002,1.0,0.19004524886877824,0.5085180633147113
250,0.5,2,5,0.07000000000000003,1.0,0.13084112149532715,0.4957526881720429,0.08980392156862747,0.3271428571428572,0.14092307692307693,0.5324463133640552
250,0.5,4,5,0.10500000000000002,1.0,0.19004524886877824,0.4955865921787709,0.12648838571149712,0.6171428571428573,0.209946541389924,0.5686964618249536
250,0.5,2,10,0.07000000000000003,1.0,0.13084112149532715,0.49548387096774177,0.08279865566758325,0.387142857142857,0.13642084067455326,0.5300746543778803
250,0.5,4,10,0.10500000000000002,1.0,0.19004524886877824,0.49564245810055874,0.16004627844195915,0.3952380952380951,0.22783420258029086,0.5942926842245279
